0,0,10.162.56.102,47.100.45.27,0,0,[SYN],64240,
0,0.004868,47.100.45.27,10.162.56.102,0,1,[ACK, SYN],29200
0,0.004942,10.162.56.102,47.100.45.27,1,1,[ACK],514,
96,0.005444,10.162.56.102,47.100.45.27,1,1,[ACK, PSH],514
0,0.009839,47.100.45.27,10.162.56.102,1,97,[ACK],229,
1386,0.013017,47.100.45.27,10.162.56.102,1,97,[ACK],229,
1386,0.013018,47.100.45.27,10.162.56.102,1387,97,[ACK],229,
0,0.013065,10.162.56.102,47.100.45.27,97,2773,[ACK],514,
1386,0.013144,47.100.45.27,10.162.56.102,2773,97,[ACK],229,
1386,0.013146,47.100.45.27,10.162.56.102,4159,97,[ACK],229,
1386,0.013147,47.100.45.27,10.162.56.102,5545,97,[ACK],229,
0,0.013218,10.162.56.102,47.100.45.27,97,6931,[ACK],514,
1386,0.013428,47.100.45.27,10.162.56.102,6931,97,[ACK],229,
1386,0.01343,47.100.45.27,10.162.56.102,8317,97,[ACK],229,
1386,0.01343,47.100.45.27,10.162.56.102,9703,97,[ACK],229,
0,0.013522,10.162.56.102,47.100.45.27,97,11089,[ACK],514,
1386,0.013667,47.100.45.27,10.162.56.102,11089,97,[ACK],229,
1386,0.015538,47.100.45.27,10.162.56.102,12475,97,[ACK],229,
,,,,,,,,
0,0.015573,10.162.56.102,47.100.45.27,97,13861,[ACK],514,
1386,0.018564,47.100.45.27,10.162.56.102,13861,97,[ACK],229,
1386,0.021641,47.100.45.27,10.162.56.102,15247,97,[ACK],229,
1386,0.021642,47.100.45.27,10.162.56.102,16633,97,[ACK],229,
1386,0.021642,47.100.45.27,10.162.56.102,18019,97,[ACK],229,
0,0.021671,10.162.56.102,47.100.45.27,97,19405,[ACK],514,
1386,0.02182,47.100.45.27,10.162.56.102,19405,97,[ACK],229,
1386,0.022526,47.100.45.27,10.162.56.102,20791,97,[ACK],229,
1386,0.022528,47.100.45.27,10.162.56.102,22177,97,[ACK],229,
0,0.02255,10.162.56.102,47.100.45.27,97,23563,[ACK],514,
1386,0.024361,47.100.45.27,10.162.56.102,23563,97,[ACK],229,
0,0.024397,10.162.56.102,47.100.45.27,97,24949,[ACK],514,
1386,0.027193,47.100.45.27,10.162.56.102,24949,97,[ACK],229,
1386,0.030217,47.100.45.27,10.162.56.102,26335,97,[ACK],229,
0,0.030245,10.162.56.102,47.100.45.27,97,27721,[ACK],514,
1386,0.030364,47.100.45.27,10.162.56.102,27721,97,[ACK],229,
1386,0.030396,47.100.45.27,10.162.56.102,29107,97,[ACK],229,
0,0.030403,10.162.56.102,47.100.45.27,97,30493,[ACK],514,
1386,0.030885,47.100.45.27,10.162.56.102,30493,97,[ACK],229,
1386,0.031141,47.100.45.27,10.162.56.102,31879,97,[ACK],229,
0,0.031155,10.162.56.102,47.100.45.27,97,33265,[ACK],514,
1386,0.031271,47.100.45.27,10.162.56.102,33265,97,[ACK],229,
1386,0.032757,47.100.45.27,10.162.56.102,34651,97,[ACK],229,
0,0.032786,10.162.56.102,47.100.45.27,97,36037,[ACK],514,
1386,0.033798,47.100.45.27,10.162.56.102,36037,97,[ACK],229,
1386,0.035631,47.100.45.27,10.162.56.102,37423,97,[ACK],229,
0,0.035669,10.162.56.102,47.100.45.27,97,38809,[ACK],514,
,,,,,,,,
1386,0.041005,47.100.45.27,10.162.56.102,38809,97,[ACK],229,
1386,0.042192,47.100.45.27,10.162.56.102,40195,97,[ACK],229,
1386,0.042193,47.100.45.27,10.162.56.102,41581,97,[ACK],229,
0,0.04222,10.162.56.102,47.100.45.27,97,42967,[ACK],514,
1386,0.042341,47.100.45.27,10.162.56.102,42967,97,[ACK],229,
0,0.04235,10.162.56.102,47.100.45.27,97,44353,[ACK],514,
1386,0.042379,47.100.45.27,10.162.56.102,44353,97,[ACK],229,
1386,0.042801,47.100.45.27,10.162.56.102,45739,97,[ACK],229,
0,0.042814,10.162.56.102,47.100.45.27,97,47125,[ACK],514,
1386,0.042926,47.100.45.27,10.162.56.102,47125,97,[ACK],229,
1386,0.044135,47.100.45.27,10.162.56.102,48511,97,[ACK],229,
0,0.044162,10.162.56.102,47.100.45.27,97,49897,[ACK],514,
1386,0.044298,47.100.45.27,10.162.56.102,49897,97,[ACK],229,
1386,0.044881,47.100.45.27,10.162.56.102,51283,97,[ACK],229,
0,0.044896,10.162.56.102,47.100.45.27,97,52669,[ACK],514,
1386,0.047382,47.100.45.27,10.162.56.102,52669,97,[ACK],229,
1386,0.047886,47.100.45.27,10.162.56.102,54055,97,[ACK],229,
0,0.047914,10.162.56.102,47.100.45.27,97,55441,[ACK],514,
1386,0.048042,47.100.45.27,10.162.56.102,55441,97,[ACK],229,
1386,0.049559,47.100.45.27,10.162.56.102,56827,97,[ACK],229,
1386,0.04956,47.100.45.27,10.162.56.102,58213,97,[ACK],229,
0,0.049609,10.162.56.102,47.100.45.27,97,59599,[ACK],514,
1386,0.04973,47.100.45.27,10.162.56.102,59599,97,[ACK],229,
0,0.04974,10.162.56.102,47.100.45.27,97,60985,[ACK],514,
1386,0.051622,47.100.45.27,10.162.56.102,60985,97,[ACK],229,
1386,0.051623,47.100.45.27,10.162.56.102,62371,97,[ACK],229,
1386,0.051623,47.100.45.27,10.162.56.102,63757,97,[ACK],229,
0,0.051653,10.162.56.102,47.100.45.27,97,65143,[ACK],514,
1386,0.051798,47.100.45.27,10.162.56.102,65143,97,[ACK],229,
0,0.05181,10.162.56.102,47.100.45.27,97,66529,[ACK],514,
1386,0.053373,47.100.45.27,10.162.56.102,66529,97,[ACK],229,
1386,0.055692,47.100.45.27,10.162.56.102,67915,97,[ACK],229,
1386,0.055694,47.100.45.27,10.162.56.102,69301,97,[ACK],229,
0,0.055771,10.162.56.102,47.100.45.27,97,70687,[ACK],514,
1386,0.058973,47.100.45.27,10.162.56.102,70687,97,[ACK],229,
0,0.059007,10.162.56.102,47.100.45.27,97,72073,[ACK],514,
1386,0.059146,47.100.45.27,10.162.56.102,72073,97,[ACK],229,
1386,0.059261,47.100.45.27,10.162.56.102,73459,97,[ACK],229,
1386,0.059262,47.100.45.27,10.162.56.102,74845,97,[ACK],229,
0,0.059277,10.162.56.102,47.100.45.27,97,76231,[ACK],514,
1386,0.059415,47.100.45.27,10.162.56.102,76231,97,[ACK],229,
0,0.059426,10.162.56.102,47.100.45.27,97,77617,[ACK],514,
1386,0.063462,47.100.45.27,10.162.56.102,77617,97,[ACK],229,
1386,0.063608,47.100.45.27,10.162.56.102,79003,97,[ACK],229,
0,0.06363,10.162.56.102,47.100.45.27,97,80389,[ACK],514,
1386,0.065904,47.100.45.27,10.162.56.102,80389,97,[ACK],229,
1386,0.066029,47.100.45.27,10.162.56.102,81775,97,[ACK],229,
0,0.066043,10.162.56.102,47.100.45.27,97,83161,[ACK],514,
1386,0.066161,47.100.45.27,10.162.56.102,83161,97,[ACK],229,
1386,0.066296,47.100.45.27,10.162.56.102,84547,97,[ACK],229,
0,0.066313,10.162.56.102,47.100.45.27,97,85933,[ACK],514,
1386,0.06662,47.100.45.27,10.162.56.102,85933,97,[ACK],229,
1386,0.066957,47.100.45.27,10.162.56.102,87319,97,[ACK],229,
0,0.066973,10.162.56.102,47.100.45.27,97,88705,[ACK],514,
1386,0.067086,47.100.45.27,10.162.56.102,88705,97,[ACK],229,
1386,0.068721,47.100.45.27,10.162.56.102,90091,97,[ACK],229,
0,0.068747,10.162.56.102,47.100.45.27,97,91477,[ACK],514,
1386,0.070883,47.100.45.27,10.162.56.102,91477,97,[ACK],229,
1386,0.072837,47.100.45.27,10.162.56.102,92863,97,[ACK],229,
0,0.072867,10.162.56.102,47.100.45.27,97,94249,[ACK],514,
1386,0.074876,47.100.45.27,10.162.56.102,94249,97,[ACK],229,
1386,0.076022,47.100.45.27,10.162.56.102,95635,97,[ACK],229,
1386,0.076023,47.100.45.27,10.162.56.102,97021,97,[ACK],229,
0,0.076049,10.162.56.102,47.100.45.27,97,98407,[ACK],514,
1386,0.07635,47.100.45.27,10.162.56.102,98407,97,[ACK],229,
0,0.076364,10.162.56.102,47.100.45.27,97,99793,[ACK],514,
1386,0.076475,47.100.45.27,10.162.56.102,99793,97,[ACK],229,
1386,0.076592,47.100.45.27,10.162.56.102,101179,97,[ACK],229,
0,0.076601,10.162.56.102,47.100.45.27,97,102565,[ACK],514,
1386,0.07688,47.100.45.27,10.162.56.102,102565,97,[ACK],229,
1386,0.077174,47.100.45.27,10.162.56.102,103951,97,[ACK],229,
0,0.077187,10.162.56.102,47.100.45.27,97,105337,[ACK],514,
1386,0.080374,47.100.45.27,10.162.56.102,105337,97,[ACK],229,
1386,0.080503,47.100.45.27,10.162.56.102,106723,97,[ACK],229,
0,0.080521,10.162.56.102,47.100.45.27,97,108109,[ACK],514,
1386,0.082029,47.100.45.27,10.162.56.102,108109,97,[ACK],229,
1386,0.082113,47.100.45.27,10.162.56.102,109495,97,[ACK],229,
0,0.082128,10.162.56.102,47.100.45.27,97,110881,[ACK],514,
1386,0.083132,47.100.45.27,10.162.56.102,110881,97,[ACK],229,
1386,0.083133,47.100.45.27,10.162.56.102,112267,97,[ACK],229,
0,0.083156,10.162.56.102,47.100.45.27,97,113653,[ACK],514,
1386,0.083284,47.100.45.27,10.162.56.102,113653,97,[ACK],229,
1386,0.083306,47.100.45.27,10.162.56.102,115039,97,[ACK],229,
0,0.083312,10.162.56.102,47.100.45.27,97,116425,[ACK],514,
1386,0.083699,47.100.45.27,10.162.56.102,116425,97,[ACK],229,
1386,0.084605,47.100.45.27,10.162.56.102,117811,97,[ACK],229,
0,0.08463,10.162.56.102,47.100.45.27,97,119197,[ACK],514,
1386,0.085551,47.100.45.27,10.162.56.102,119197,97,[ACK],229,
1386,0.086802,47.100.45.27,10.162.56.102,120583,97,[ACK],229,
0,0.086829,10.162.56.102,47.100.45.27,97,121969,[ACK],514,
1386,0.086951,47.100.45.27,10.162.56.102,121969,97,[ACK],229,
1386,0.087527,47.100.45.27,10.162.56.102,123355,97,[ACK],229,
0,0.087555,10.162.56.102,47.100.45.27,97,124741,[ACK],514,
1386,0.088795,47.100.45.27,10.162.56.102,124741,97,[ACK],229,
1386,0.089691,47.100.45.27,10.162.56.102,126127,97,[ACK],229,
1386,0.089695,47.100.45.27,10.162.56.102,127513,97,[ACK],229,
0,0.089768,10.162.56.102,47.100.45.27,97,128899,[ACK],514,
1386,0.089975,47.100.45.27,10.162.56.102,128899,97,[ACK],229,
0,0.090002,10.162.56.102,47.100.45.27,97,130285,[ACK],514,
1386,0.090538,47.100.45.27,10.162.56.102,130285,97,[ACK],229,
1386,0.091573,47.100.45.27,10.162.56.102,131671,97,[ACK],229,
0,0.091627,10.162.56.102,47.100.45.27,97,133057,[ACK],514,
1386,0.091752,47.100.45.27,10.162.56.102,133057,97,[ACK],229,
1386,0.094584,47.100.45.27,10.162.56.102,134443,97,[ACK],229,
0,0.094614,10.162.56.102,47.100.45.27,97,135829,[ACK],514,
1386,0.095868,47.100.45.27,10.162.56.102,135829,97,[ACK],229,
1386,0.095869,47.100.45.27,10.162.56.102,137215,97,[ACK],229,
0,0.095896,10.162.56.102,47.100.45.27,97,138601,[ACK],514,
1386,0.096201,47.100.45.27,10.162.56.102,138601,97,[ACK],229,
1386,0.098098,47.100.45.27,10.162.56.102,139987,97,[ACK],229,
0,0.098129,10.162.56.102,47.100.45.27,97,141373,[ACK],514,
1386,0.098281,47.100.45.27,10.162.56.102,141373,97,[ACK],229,
1386,0.098409,47.100.45.27,10.162.56.102,142759,97,[ACK],229,
0,0.098422,10.162.56.102,47.100.45.27,97,144145,[ACK],514,
1386,0.098706,47.100.45.27,10.162.56.102,144145,97,[ACK],229,
1386,0.101111,47.100.45.27,10.162.56.102,145531,97,[ACK],229,
1386,0.101114,47.100.45.27,10.162.56.102,146917,97,[ACK],229,
1386,0.101116,47.100.45.27,10.162.56.102,148303,97,[ACK],229,
0,0.101273,10.162.56.102,47.100.45.27,97,149689,[ACK],514,
1386,0.103108,47.100.45.27,10.162.56.102,149689,97,[ACK],229,
1386,0.103274,47.100.45.27,10.162.56.102,151075,97,[ACK],229,
0,0.103304,10.162.56.102,47.100.45.27,97,152461,[ACK],514,
1386,0.103438,47.100.45.27,10.162.56.102,152461,97,[ACK],229,
1386,0.103481,47.100.45.27,10.162.56.102,153847,97,[ACK],229,
0,0.10349,10.162.56.102,47.100.45.27,97,155233,[ACK],514,
1386,0.106574,47.100.45.27,10.162.56.102,155233,97,[ACK],229,
1386,0.106575,47.100.45.27,10.162.56.102,156619,97,[ACK],229,
0,0.106609,10.162.56.102,47.100.45.27,97,158005,[ACK],514,
1386,0.108254,47.100.45.27,10.162.56.102,158005,97,[ACK],229,
1386,0.108258,47.100.45.27,10.162.56.102,159391,97,[ACK],229,
0,0.108305,10.162.56.102,47.100.45.27,97,160777,[ACK],514,
1386,0.112279,47.100.45.27,10.162.56.102,160777,97,[ACK],229,
1386,0.11228,47.100.45.27,10.162.56.102,162163,97,[ACK],229,
1386,0.11228,47.100.45.27,10.162.56.102,163549,97,[ACK],229,
1386,0.11228,47.100.45.27,10.162.56.102,164935,97,[ACK],229,
1386,0.112281,47.100.45.27,10.162.56.102,166321,97,[ACK],229,
1386,0.112281,47.100.45.27,10.162.56.102,167707,97,[ACK],229,
0,0.11231,10.162.56.102,47.100.45.27,97,169093,[ACK],514,
1386,0.114474,47.100.45.27,10.162.56.102,169093,97,[ACK],229,
1386,0.114474,47.100.45.27,10.162.56.102,170479,97,[ACK],229,
0,0.114503,10.162.56.102,47.100.45.27,97,171865,[ACK],514,
1386,0.114866,47.100.45.27,10.162.56.102,171865,97,[ACK],229,
1386,0.115116,47.100.45.27,10.162.56.102,173251,97,[ACK],229,
0,0.11513,10.162.56.102,47.100.45.27,97,174637,[ACK],514,
1386,0.115286,47.100.45.27,10.162.56.102,174637,97,[ACK],229,
1386,0.115548,47.100.45.27,10.162.56.102,176023,97,[ACK],229,
0,0.115578,10.162.56.102,47.100.45.27,97,177409,[ACK],514,
1386,0.116705,47.100.45.27,10.162.56.102,177409,97,[ACK],229,
1386,0.117329,47.100.45.27,10.162.56.102,178795,97,[ACK],229,
0,0.117359,10.162.56.102,47.100.45.27,97,180181,[ACK],514,
1386,0.119425,47.100.45.27,10.162.56.102,180181,97,[ACK],229,
1386,0.119426,47.100.45.27,10.162.56.102,181567,97,[ACK],229,
1386,0.119426,47.100.45.27,10.162.56.102,182953,97,[ACK],229,
0,0.119462,10.162.56.102,47.100.45.27,97,184339,[ACK],514,
1386,0.119589,47.100.45.27,10.162.56.102,184339,97,[ACK],229,
0,0.119601,10.162.56.102,47.100.45.27,97,185725,[ACK],514,
1386,0.121533,47.100.45.27,10.162.56.102,185725,97,[ACK],229,
1386,0.121534,47.100.45.27,10.162.56.102,187111,97,[ACK],229,
0,0.12157,10.162.56.102,47.100.45.27,97,188497,[ACK],514,
1386,0.121729,47.100.45.27,10.162.56.102,188497,97,[ACK],229,
1386,0.121756,47.100.45.27,10.162.56.102,189883,97,[ACK],229,
0,0.121762,10.162.56.102,47.100.45.27,97,191269,[ACK],514,
1386,0.122101,47.100.45.27,10.162.56.102,191269,97,[ACK],229,
1386,0.123804,47.100.45.27,10.162.56.102,192655,97,[ACK],229,
0,0.123848,10.162.56.102,47.100.45.27,97,194041,[ACK],514,
1386,0.12432,47.100.45.27,10.162.56.102,194041,97,[ACK],229,
1386,0.126121,47.100.45.27,10.162.56.102,195427,97,[ACK],229,
0,0.12616,10.162.56.102,47.100.45.27,97,196813,[ACK],514,
1386,0.126314,47.100.45.27,10.162.56.102,196813,97,[ACK],229,
1386,0.126582,47.100.45.27,10.162.56.102,198199,97,[ACK],229,
0,0.126603,10.162.56.102,47.100.45.27,97,199585,[ACK],514,
1386,0.126725,47.100.45.27,10.162.56.102,199585,97,[ACK],229,
1386,0.12696,47.100.45.27,10.162.56.102,200971,97,[ACK],229,
0,0.126995,10.162.56.102,47.100.45.27,97,202357,[ACK],514,
1386,0.128604,47.100.45.27,10.162.56.102,202357,97,[ACK],229,
1386,0.128725,47.100.45.27,10.162.56.102,203743,97,[ACK],229,
0,0.128737,10.162.56.102,47.100.45.27,97,205129,[ACK],514,
1386,0.131581,47.100.45.27,10.162.56.102,205129,97,[ACK],229,
1386,0.131716,47.100.45.27,10.162.56.102,206515,97,[ACK],229,
0,0.13173,10.162.56.102,47.100.45.27,97,207901,[ACK],514,
1386,0.136423,47.100.45.27,10.162.56.102,207901,97,[ACK],229,
1386,0.136424,47.100.45.27,10.162.56.102,209287,97,[ACK],229,
0,0.136455,10.162.56.102,47.100.45.27,97,210673,[ACK],514,
1386,0.139122,47.100.45.27,10.162.56.102,210673,97,[ACK],229,
1386,0.139123,47.100.45.27,10.162.56.102,212059,97,[ACK],229,
0,0.139149,10.162.56.102,47.100.45.27,97,213445,[ACK],514,
1386,0.139222,47.100.45.27,10.162.56.102,213445,97,[ACK],229,
1386,0.139242,47.100.45.27,10.162.56.102,214831,97,[ACK],229,
0,0.139256,10.162.56.102,47.100.45.27,97,216217,[ACK],514,
1386,0.1394,47.100.45.27,10.162.56.102,216217,97,[ACK],229,
1386,0.141354,47.100.45.27,10.162.56.102,217603,97,[ACK],229,
1386,0.141355,47.100.45.27,10.162.56.102,218989,97,[ACK],229,
1386,0.141355,47.100.45.27,10.162.56.102,220375,97,[ACK],229,
0,0.141385,10.162.56.102,47.100.45.27,97,221761,[ACK],514,
1386,0.141529,47.100.45.27,10.162.56.102,221761,97,[ACK],229,
1386,0.141529,47.100.45.27,10.162.56.102,223147,97,[ACK],229,
0,0.14154,10.162.56.102,47.100.45.27,97,224533,[ACK],514,
1386,0.144093,47.100.45.27,10.162.56.102,224533,97,[ACK],229,
1386,0.144094,47.100.45.27,10.162.56.102,225919,97,[ACK],229,
0,0.144126,10.162.56.102,47.100.45.27,97,227305,[ACK],514,
1386,0.145741,47.100.45.27,10.162.56.102,227305,97,[ACK],229,
1386,0.145863,47.100.45.27,10.162.56.102,228691,97,[ACK],229,
0,0.145877,10.162.56.102,47.100.45.27,97,230077,[ACK],514,
1386,0.148441,47.100.45.27,10.162.56.102,230077,97,[ACK],229,
1386,0.148442,47.100.45.27,10.162.56.102,231463,97,[ACK],229,
0,0.148482,10.162.56.102,47.100.45.27,97,232849,[ACK],514,
1386,0.148617,47.100.45.27,10.162.56.102,232849,97,[ACK],229,
1386,0.148765,47.100.45.27,10.162.56.102,234235,97,[ACK],229,
0,0.148783,10.162.56.102,47.100.45.27,97,235621,[ACK],514,
1386,0.148926,47.100.45.27,10.162.56.102,235621,97,[ACK],229,
0,0.149232,10.162.56.102,47.100.45.27,97,238393,[ACK],514,
0,0.15166,10.162.56.102,47.100.45.27,97,242551,[ACK],514,
0,0.155531,10.162.56.102,47.100.45.27,97,243937,[ACK],514,
0,0.155795,10.162.56.102,47.100.45.27,97,246709,[ACK],514,
0,0.163769,10.162.56.102,47.100.45.27,97,249481,[ACK],514,
0,0.164213,10.162.56.102,47.100.45.27,97,252253,[ACK],514,
0,0.164448,10.162.56.102,47.100.45.27,97,255025,[ACK],514,
0,0.169477,10.162.56.102,47.100.45.27,97,259183,[ACK],514,
0,0.171426,10.162.56.102,47.100.45.27,97,260569,[ACK],514,
0,0.172013,10.162.56.102,47.100.45.27,97,263341,[ACK],514,
0,0.174696,10.162.56.102,47.100.45.27,97,266113,[ACK],514,
1386,0.22897,47.100.45.27,10.162.56.102,415801,97,[ACK],229,
1386,0.229111,47.100.45.27,10.162.56.102,417187,97,[ACK],229,
0,0.229136,10.162.56.102,47.100.45.27,97,418573,[ACK],514,
1386,0.229285,47.100.45.27,10.162.56.102,418573,97,[ACK],229,
1386,0.229417,47.100.45.27,10.162.56.102,419959,97,[ACK],229,
0,0.229439,10.162.56.102,47.100.45.27,97,421345,[ACK],514,
1386,0.229579,47.100.45.27,10.162.56.102,421345,97,[ACK],229,
1386,0.229924,47.100.45.27,10.162.56.102,422731,97,[ACK],229,
0,0.229942,10.162.56.102,47.100.45.27,97,424117,[ACK],514,
1386,0.230058,47.100.45.27,10.162.56.102,424117,97,[ACK],229,
1386,0.231164,47.100.45.27,10.162.56.102,425503,97,[ACK],229,
0,0.231188,10.162.56.102,47.100.45.27,97,426889,[ACK],514,
1386,0.231257,47.100.45.27,10.162.56.102,426889,97,[ACK],229,
1386,0.231592,47.100.45.27,10.162.56.102,428275,97,[ACK],229,
0,0.23162,10.162.56.102,47.100.45.27,97,429661,[ACK],514,
1386,0.231792,47.100.45.27,10.162.56.102,429661,97,[ACK],229,
1386,0.23308,47.100.45.27,10.162.56.102,431047,97,[ACK],229,
1386,0.233081,47.100.45.27,10.162.56.102,432433,97,[ACK],229,
0,0.233112,10.162.56.102,47.100.45.27,97,433819,[ACK],514,
1386,0.233232,47.100.45.27,10.162.56.102,433819,97,[ACK],229,
0,0.233242,10.162.56.102,47.100.45.27,97,435205,[ACK],514,
1386,0.234191,47.100.45.27,10.162.56.102,435205,97,[ACK],229,
1386,0.235138,47.100.45.27,10.162.56.102,436591,97,[ACK],229,
0,0.235159,10.162.56.102,47.100.45.27,97,437977,[ACK],514,
1386,0.235454,47.100.45.27,10.162.56.102,437977,97,[ACK],229,
1386,0.235486,47.100.45.27,10.162.56.102,439363,97,[ACK],229,
0,0.235496,10.162.56.102,47.100.45.27,97,440749,[ACK],514,
1386,0.23586,47.100.45.27,10.162.56.102,440749,97,[ACK],229,
1386,0.235989,47.100.45.27,10.162.56.102,442135,97,[ACK],229,
0,0.236,10.162.56.102,47.100.45.27,97,443521,[ACK],514,
1386,0.236277,47.100.45.27,10.162.56.102,443521,97,[ACK],229,
1386,0.236302,47.100.45.27,10.162.56.102,444907,97,[ACK],229,
0,0.23631,10.162.56.102,47.100.45.27,97,446293,[ACK],514,
1386,0.238257,47.100.45.27,10.162.56.102,446293,97,[ACK],229,
1386,0.238467,47.100.45.27,10.162.56.102,447679,97,[ACK],229,
0,0.238508,10.162.56.102,47.100.45.27,97,449065,[ACK],514,
1386,0.238862,47.100.45.27,10.162.56.102,449065,97,[ACK],229,
1386,0.243252,47.100.45.27,10.162.56.102,450451,97,[ACK],229,
0,0.243299,10.162.56.102,47.100.45.27,97,451837,[ACK],514,
1386,0.243726,47.100.45.27,10.162.56.102,451837,97,[ACK],229,
1386,0.244229,47.100.45.27,10.162.56.102,453223,97,[ACK],229,
0,0.244261,10.162.56.102,47.100.45.27,97,454609,[ACK],514,
1386,0.244541,47.100.45.27,10.162.56.102,454609,97,[ACK],229,
1386,0.247211,47.100.45.27,10.162.56.102,455995,97,[ACK],229,
0,0.247241,10.162.56.102,47.100.45.27,97,457381,[ACK],514,
1386,0.248652,47.100.45.27,10.162.56.102,457381,97,[ACK],229,
1386,0.250146,47.100.45.27,10.162.56.102,458767,97,[ACK],229,
1386,0.250147,47.100.45.27,10.162.56.102,460153,97,[ACK],229,
0,0.250175,10.162.56.102,47.100.45.27,97,461539,[ACK],514,
1386,0.250296,47.100.45.27,10.162.56.102,461539,97,[ACK],229,
0,0.250306,10.162.56.102,47.100.45.27,97,462925,[ACK],514,
1386,0.250333,47.100.45.27,10.162.56.102,462925,97,[ACK],229,
1386,0.25059,47.100.45.27,10.162.56.102,464311,97,[ACK],229,
0,0.250606,10.162.56.102,47.100.45.27,97,465697,[ACK],514,
1386,0.250743,47.100.45.27,10.162.56.102,465697,97,[ACK],229,
1386,0.251222,47.100.45.27,10.162.56.102,467083,97,[ACK],229,
0,0.251257,10.162.56.102,47.100.45.27,97,468469,[ACK],514,
1386,0.251414,47.100.45.27,10.162.56.102,468469,97,[ACK],229,
1386,0.25158,47.100.45.27,10.162.56.102,469855,97,[ACK],229,
0,0.251611,10.162.56.102,47.100.45.27,97,471241,[ACK],514,
1386,0.251802,47.100.45.27,10.162.56.102,471241,97,[ACK],229,
1386,0.251983,47.100.45.27,10.162.56.102,472627,97,[ACK],229,
0,0.252003,10.162.56.102,47.100.45.27,97,474013,[ACK],514,
1386,0.252511,47.100.45.27,10.162.56.102,474013,97,[ACK],229,
1386,0.254937,47.100.45.27,10.162.56.102,475399,97,[ACK],229,
0,0.254963,10.162.56.102,47.100.45.27,97,476785,[ACK],514,
1386,0.255026,47.100.45.27,10.162.56.102,476785,97,[ACK],229,
1386,0.25531,47.100.45.27,10.162.56.102,478171,97,[ACK],229,
0,0.255321,10.162.56.102,47.100.45.27,97,479557,[ACK],514,
1386,0.257136,47.100.45.27,10.162.56.102,479557,97,[ACK],229,
1386,0.257204,47.100.45.27,10.162.56.102,480943,97,[ACK],229,
0,0.257219,10.162.56.102,47.100.45.27,97,482329,[ACK],514,
1386,0.258511,47.100.45.27,10.162.56.102,482329,97,[ACK],229,
1386,0.258512,47.100.45.27,10.162.56.102,483715,97,[ACK],229,
0,0.258541,10.162.56.102,47.100.45.27,97,485101,[ACK],514,
1386,0.258662,47.100.45.27,10.162.56.102,485101,97,[ACK],229,
1386,0.2587,47.100.45.27,10.162.56.102,486487,97,[ACK],229,
0,0.258707,10.162.56.102,47.100.45.27,97,487873,[ACK],514,
1386,0.259148,47.100.45.27,10.162.56.102,487873,97,[ACK],229,
1386,0.259264,47.100.45.27,10.162.56.102,489259,97,[ACK],229,
0,0.259278,10.162.56.102,47.100.45.27,97,490645,[ACK],514,
1386,0.25939,47.100.45.27,10.162.56.102,490645,97,[ACK],229,
1386,0.259763,47.100.45.27,10.162.56.102,492031,97,[ACK],229,
0,0.259783,10.162.56.102,47.100.45.27,97,493417,[ACK],514,
1386,0.259901,47.100.45.27,10.162.56.102,493417,97,[ACK],229,
1386,0.259925,47.100.45.27,10.162.56.102,494803,97,[ACK],229,
0,0.259931,10.162.56.102,47.100.45.27,97,496189,[ACK],514,
1386,0.264654,47.100.45.27,10.162.56.102,496189,97,[ACK],229,
1386,0.265037,47.100.45.27,10.162.56.102,497575,97,[ACK],229,
0,0.265064,10.162.56.102,47.100.45.27,97,498961,[ACK],514,
1386,0.265429,47.100.45.27,10.162.56.102,498961,97,[ACK],229,
1386,0.266965,47.100.45.27,10.162.56.102,500347,97,[ACK],229,
0,0.266993,10.162.56.102,47.100.45.27,97,501733,[ACK],514,
1386,0.270017,47.100.45.27,10.162.56.102,501733,97,[ACK],229,
1386,0.270417,47.100.45.27,10.162.56.102,503119,97,[ACK],229,
0,0.270446,10.162.56.102,47.100.45.27,97,504505,[ACK],514,
1386,0.27059,47.100.45.27,10.162.56.102,504505,97,[ACK],229,
1386,0.270611,47.100.45.27,10.162.56.102,505891,97,[ACK],229,
0,0.270617,10.162.56.102,47.100.45.27,97,507277,[ACK],514,
1386,0.270957,47.100.45.27,10.162.56.102,507277,97,[ACK],229,
1386,0.272238,47.100.45.27,10.162.56.102,508663,97,[ACK],229,
0,0.272279,10.162.56.102,47.100.45.27,97,510049,[ACK],514,
1386,0.272414,47.100.45.27,10.162.56.102,510049,97,[ACK],229,
1386,0.272539,47.100.45.27,10.162.56.102,511435,97,[ACK],229,
0,0.272558,10.162.56.102,47.100.45.27,97,512821,[ACK],514,
1386,0.272675,47.100.45.27,10.162.56.102,512821,97,[ACK],229,
1386,0.272814,47.100.45.27,10.162.56.102,514207,97,[ACK],229,
0,0.272828,10.162.56.102,47.100.45.27,97,515593,[ACK],514,
1386,0.272963,47.100.45.27,10.162.56.102,515593,97,[ACK],229,
1386,0.273245,47.100.45.27,10.162.56.102,516979,97,[ACK],229,
0,0.273258,10.162.56.102,47.100.45.27,97,518365,[ACK],514,
1386,0.2734,47.100.45.27,10.162.56.102,518365,97,[ACK],229,
1386,0.273661,47.100.45.27,10.162.56.102,519751,97,[ACK],229,
0,0.273673,10.162.56.102,47.100.45.27,97,521137,[ACK],514,
1386,0.273811,47.100.45.27,10.162.56.102,521137,97,[ACK],229,
1386,0.274061,47.100.45.27,10.162.56.102,522523,97,[ACK],229,
0,0.274078,10.162.56.102,47.100.45.27,97,523909,[ACK],514,
1386,0.275616,47.100.45.27,10.162.56.102,523909,97,[ACK],229,
1386,0.275742,47.100.45.27,10.162.56.102,525295,97,[ACK],229,
0,0.27576,10.162.56.102,47.100.45.27,97,526681,[ACK],514,
1386,0.277004,47.100.45.27,10.162.56.102,526681,97,[ACK],229,
1386,0.277116,47.100.45.27,10.162.56.102,528067,97,[ACK],229,
0,0.277126,10.162.56.102,47.100.45.27,97,529453,[ACK],514,
1386,0.277696,47.100.45.27,10.162.56.102,529453,97,[ACK],229,
1386,0.280662,47.100.45.27,10.162.56.102,530839,97,[ACK],229,
0,0.280695,10.162.56.102,47.100.45.27,97,532225,[ACK],514,
1386,0.281017,47.100.45.27,10.162.56.102,532225,97,[ACK],229,
1386,0.281233,47.100.45.27,10.162.56.102,533611,97,[ACK],229,
0,0.281247,10.162.56.102,47.100.45.27,97,534997,[ACK],514,
1386,0.281375,47.100.45.27,10.162.56.102,534997,97,[ACK],229,
1386,0.281485,47.100.45.27,10.162.56.102,536383,97,[ACK],229,
0,0.281503,10.162.56.102,47.100.45.27,97,537769,[ACK],514,
1386,0.28175,47.100.45.27,10.162.56.102,537769,97,[ACK],229,
1386,0.282135,47.100.45.27,10.162.56.102,539155,97,[ACK],229,
0,0.282161,10.162.56.102,47.100.45.27,97,540541,[ACK],514,
1386,0.2823,47.100.45.27,10.162.56.102,540541,97,[ACK],229,
1386,0.28241,47.100.45.27,10.162.56.102,541927,97,[ACK],229,
0,0.282419,10.162.56.102,47.100.45.27,97,543313,[ACK],514,
1386,0.282699,47.100.45.27,10.162.56.102,543313,97,[ACK],229,
1386,0.282808,47.100.45.27,10.162.56.102,544699,97,[ACK],229,
0,0.28282,10.162.56.102,47.100.45.27,97,546085,[ACK],514,
1386,0.283191,47.100.45.27,10.162.56.102,546085,97,[ACK],229,
1386,0.283295,47.100.45.27,10.162.56.102,547471,97,[ACK],229,
0,0.283304,10.162.56.102,47.100.45.27,97,548857,[ACK],514,
1386,0.283418,47.100.45.27,10.162.56.102,548857,97,[ACK],229,
1386,0.284865,47.100.45.27,10.162.56.102,550243,97,[ACK],229,
0,0.284896,10.162.56.102,47.100.45.27,97,551629,[ACK],514,
1386,0.285029,47.100.45.27,10.162.56.102,551629,97,[ACK],229,
1386,0.285075,47.100.45.27,10.162.56.102,553015,97,[ACK],229,
0,0.285085,10.162.56.102,47.100.45.27,97,554401,[ACK],514,
1386,0.286797,47.100.45.27,10.162.56.102,554401,97,[ACK],229,
1386,0.287115,47.100.45.27,10.162.56.102,555787,97,[ACK],229,
0,0.28714,10.162.56.102,47.100.45.27,97,557173,[ACK],514,
1386,0.287755,47.100.45.27,10.162.56.102,557173,97,[ACK],229,
1386,0.287843,47.100.45.27,10.162.56.102,558559,97,[ACK],229,
0,0.287866,10.162.56.102,47.100.45.27,97,559945,[ACK],514,
1386,0.28818,47.100.45.27,10.162.56.102,559945,97,[ACK],229,
1386,0.288466,47.100.45.27,10.162.56.102,561331,97,[ACK],229,
0,0.288486,10.162.56.102,47.100.45.27,97,562717,[ACK],514,
1386,0.288602,47.100.45.27,10.162.56.102,562717,97,[ACK],229,
1386,0.288739,47.100.45.27,10.162.56.102,564103,97,[ACK],229,
0,0.288752,10.162.56.102,47.100.45.27,97,565489,[ACK],514,
1386,0.288889,47.100.45.27,10.162.56.102,565489,97,[ACK],229,
1386,0.289167,47.100.45.27,10.162.56.102,566875,97,[ACK],229,
0,0.289186,10.162.56.102,47.100.45.27,97,568261,[ACK],514,
1386,0.289327,47.100.45.27,10.162.56.102,568261,97,[ACK],229,
1386,0.289554,47.100.45.27,10.162.56.102,569647,97,[ACK],229,
0,0.289564,10.162.56.102,47.100.45.27,97,571033,[ACK],514,
1386,0.291948,47.100.45.27,10.162.56.102,571033,97,[ACK],229,
1386,0.291948,47.100.45.27,10.162.56.102,572419,97,[ACK],229,
0,0.291976,10.162.56.102,47.100.45.27,97,573805,[ACK],514,
1386,0.293703,47.100.45.27,10.162.56.102,573805,97,[ACK],229,
1386,0.293704,47.100.45.27,10.162.56.102,575191,97,[ACK],229,
0,0.293741,10.162.56.102,47.100.45.27,97,576577,[ACK],514,
1386,0.293804,47.100.45.27,10.162.56.102,576577,97,[ACK],229,
1386,0.295028,47.100.45.27,10.162.56.102,577963,97,[ACK],229,
0,0.295054,10.162.56.102,47.100.45.27,97,579349,[ACK],514,
1386,0.295549,47.100.45.27,10.162.56.102,579349,97,[ACK],229,
1386,0.295675,47.100.45.27,10.162.56.102,580735,97,[ACK],229,
0,0.295688,10.162.56.102,47.100.45.27,97,582121,[ACK],514,
1386,0.297316,47.100.45.27,10.162.56.102,582121,97,[ACK],229,
1386,0.297454,47.100.45.27,10.162.56.102,583507,97,[ACK],229,
0,0.297502,10.162.56.102,47.100.45.27,97,584893,[ACK],514,
1386,0.297644,47.100.45.27,10.162.56.102,584893,97,[ACK],229,
1386,0.297787,47.100.45.27,10.162.56.102,586279,97,[ACK],229,
0,0.297808,10.162.56.102,47.100.45.27,97,587665,[ACK],514,
1386,0.29792,47.100.45.27,10.162.56.102,587665,97,[ACK],229,
1386,0.298041,47.100.45.27,10.162.56.102,589051,97,[ACK],229,
0,0.298049,10.162.56.102,47.100.45.27,97,590437,[ACK],514,
1386,0.298359,47.100.45.27,10.162.56.102,590437,97,[ACK],229,
1386,0.298499,47.100.45.27,10.162.56.102,591823,97,[ACK],229,
0,0.298514,10.162.56.102,47.100.45.27,97,593209,[ACK],514,
1386,0.298753,47.100.45.27,10.162.56.102,593209,97,[ACK],229,
1386,0.298896,47.100.45.27,10.162.56.102,594595,97,[ACK],229,
0,0.298915,10.162.56.102,47.100.45.27,97,595981,[ACK],514,
1386,0.299174,47.100.45.27,10.162.56.102,595981,97,[ACK],229,
1386,0.299556,47.100.45.27,10.162.56.102,597367,97,[ACK],229,
0,0.299648,10.162.56.102,47.100.45.27,97,598753,[ACK],514,
1386,0.300562,47.100.45.27,10.162.56.102,598753,97,[ACK],229,
1386,0.300564,47.100.45.27,10.162.56.102,600139,97,[ACK],229,
0,0.300617,10.162.56.102,47.100.45.27,97,601525,[ACK],514,
1386,0.300866,47.100.45.27,10.162.56.102,601525,97,[ACK],229,
1386,0.300867,47.100.45.27,10.162.56.102,602911,97,[ACK],229,
0,0.300888,10.162.56.102,47.100.45.27,97,604297,[ACK],514,
1386,0.302338,47.100.45.27,10.162.56.102,604297,97,[ACK],229,
1386,0.303064,47.100.45.27,10.162.56.102,605683,97,[ACK],229,
0,0.303094,10.162.56.102,47.100.45.27,97,607069,[ACK],514,
1386,0.303801,47.100.45.27,10.162.56.102,607069,97,[ACK],229,
1386,0.303935,47.100.45.27,10.162.56.102,608455,97,[ACK],229,
0,0.303949,10.162.56.102,47.100.45.27,97,609841,[ACK],514,
1386,0.304043,47.100.45.27,10.162.56.102,609841,97,[ACK],229,
1386,0.304462,47.100.45.27,10.162.56.102,611227,97,[ACK],229,
0,0.304475,10.162.56.102,47.100.45.27,97,612613,[ACK],514,
1386,0.304584,47.100.45.27,10.162.56.102,612613,97,[ACK],229,
1386,0.304603,47.100.45.27,10.162.56.102,613999,97,[ACK],229,
0,0.304608,10.162.56.102,47.100.45.27,97,615385,[ACK],514,
1386,0.305129,47.100.45.27,10.162.56.102,615385,97,[ACK],229,
1386,0.308228,47.100.45.27,10.162.56.102,616771,97,[ACK],229,
0,0.308256,10.162.56.102,47.100.45.27,97,618157,[ACK],514,
1386,0.308376,47.100.45.27,10.162.56.102,618157,97,[ACK],229,
1386,0.308423,47.100.45.27,10.162.56.102,619543,97,[ACK],229,
0,0.30843,10.162.56.102,47.100.45.27,97,620929,[ACK],514,
1386,0.308669,47.100.45.27,10.162.56.102,620929,97,[ACK],229,
1386,0.309065,47.100.45.27,10.162.56.102,622315,97,[ACK],229,
0,0.309095,10.162.56.102,47.100.45.27,97,623701,[ACK],514,
1386,0.309238,47.100.45.27,10.162.56.102,623701,97,[ACK],229,
1386,0.309465,47.100.45.27,10.162.56.102,625087,97,[ACK],229,
0,0.30948,10.162.56.102,47.100.45.27,97,626473,[ACK],514,
1386,0.309588,47.100.45.27,10.162.56.102,626473,97,[ACK],229,
1386,0.313228,47.100.45.27,10.162.56.102,627859,97,[ACK],229,
0,0.313264,10.162.56.102,47.100.45.27,97,629245,[ACK],514,
1386,0.313395,47.100.45.27,10.162.56.102,629245,97,[ACK],229,
1386,0.313423,47.100.45.27,10.162.56.102,630631,97,[ACK],229,
0,0.31343,10.162.56.102,47.100.45.27,97,632017,[ACK],514,
1386,0.313666,47.100.45.27,10.162.56.102,632017,97,[ACK],229,
1386,0.31381,47.100.45.27,10.162.56.102,633403,97,[ACK],229,
0,0.313826,10.162.56.102,47.100.45.27,97,634789,[ACK],514,
1386,0.314264,47.100.45.27,10.162.56.102,634789,97,[ACK],229,
1386,0.314369,47.100.45.27,10.162.56.102,636175,97,[ACK],229,
0,0.314379,10.162.56.102,47.100.45.27,97,637561,[ACK],514,
1386,0.31449,47.100.45.27,10.162.56.102,637561,97,[ACK],229,
1386,0.317956,47.100.45.27,10.162.56.102,638947,97,[ACK],229,
0,0.317986,10.162.56.102,47.100.45.27,97,640333,[ACK],514,
1386,0.31811,47.100.45.27,10.162.56.102,640333,97,[ACK],229,
1386,0.318136,47.100.45.27,10.162.56.102,641719,97,[ACK],229,
0,0.318142,10.162.56.102,47.100.45.27,97,643105,[ACK],514,
1386,0.318261,47.100.45.27,10.162.56.102,643105,97,[ACK],229,
1386,0.318728,47.100.45.27,10.162.56.102,644491,97,[ACK],229,
0,0.318761,10.162.56.102,47.100.45.27,97,645877,[ACK],514,
0,0.320758,10.162.56.102,47.100.45.27,97,650035,[ACK],514,
0,0.324932,10.162.56.102,47.100.45.27,97,652807,[ACK],514,
0,0.325087,10.162.56.102,47.100.45.27,97,654193,[ACK],514,
0,0.325544,10.162.56.102,47.100.45.27,97,656965,[ACK],514,
0,0.3257,10.162.56.102,47.100.45.27,97,659737,[ACK],514,
0,0.329674,10.162.56.102,47.100.45.27,97,662509,[ACK],514,
0,1.287515,10.162.56.102,47.100.45.27,97,1517671,[ACK],514,
0,4.23884,10.162.56.102,47.100.45.27,97,3516283,[ACK],514,
1386,4.665093,47.100.45.27,10.162.56.102,3688147,97,[ACK],229,
0,4.665129,10.162.56.102,47.100.45.27,97,3692305,[ACK],514,
1386,4.969714,47.100.45.27,10.162.56.102,3695077,97,[ACK],229,
0,4.969789,10.162.56.102,47.100.45.27,97,3692305,[ACK],514,
1386,4.970033,47.100.45.27,10.162.56.102,3696463,97,[ACK],229,
0,4.970078,10.162.56.102,47.100.45.27,97,3692305,[ACK],514,
1386,4.970215,47.100.45.27,10.162.56.102,3697849,97,[ACK],229,
0,4.970225,10.162.56.102,47.100.45.27,97,3692305,[ACK],514,
1386,4.971436,47.100.45.27,10.162.56.102,3699235,97,[ACK],229,
0,4.971458,10.162.56.102,47.100.45.27,97,3692305,[ACK],514,
1386,4.975485,47.100.45.27,10.162.56.102,3700621,97,[ACK],229,
1386,4.975486,47.100.45.27,10.162.56.102,3692305,97,[ACK],229,
0,4.975516,10.162.56.102,47.100.45.27,97,3692305,[ACK],514,
0,4.975549,10.162.56.102,47.100.45.27,97,3693691,[ACK],514,
1386,4.977231,47.100.45.27,10.162.56.102,3693691,97,[ACK],229,
0,4.977268,10.162.56.102,47.100.45.27,97,3702007,[ACK],514,
1386,4.980228,47.100.45.27,10.162.56.102,3702007,97,[ACK],229,
1386,4.980667,47.100.45.27,10.162.56.102,3703393,97,[ACK],229,
0,4.980689,10.162.56.102,47.100.45.27,97,3704779,[ACK],514,
1386,4.981714,47.100.45.27,10.162.56.102,3704779,97,[ACK],229,
1386,4.98533,47.100.45.27,10.162.56.102,3706165,97,[ACK],229,
0,4.985383,10.162.56.102,47.100.45.27,97,3707551,[ACK],514,
1386,4.985511,47.100.45.27,10.162.56.102,3707551,97,[ACK],229,
1386,4.990169,47.100.45.27,10.162.56.102,3708937,97,[ACK],229,
1386,4.990169,47.100.45.27,10.162.56.102,3710323,97,[ACK],229,
0,4.990196,10.162.56.102,47.100.45.27,97,3711709,[ACK],514,
1386,4.994596,47.100.45.27,10.162.56.102,3711709,97,[ACK],229,
0,4.994646,10.162.56.102,47.100.45.27,97,3713095,[ACK],514,
1386,4.994777,47.100.45.27,10.162.56.102,3713095,97,[ACK],229,
1386,4.995081,47.100.45.27,10.162.56.102,3714481,97,[ACK],229,
0,4.995104,10.162.56.102,47.100.45.27,97,3715867,[ACK],514,
1386,4.99617,47.100.45.27,10.162.56.102,3715867,97,[ACK],229,
1386,5.000136,47.100.45.27,10.162.56.102,3717253,97,[ACK],229,
1386,5.000137,47.100.45.27,10.162.56.102,3718639,97,[ACK],229,
0,5.000167,10.162.56.102,47.100.45.27,97,3720025,[ACK],514,
1386,5.004515,47.100.45.27,10.162.56.102,3720025,97,[ACK],229,
0,5.004542,10.162.56.102,47.100.45.27,97,3721411,[ACK],514,
1386,5.004661,47.100.45.27,10.162.56.102,3721411,97,[ACK],229,
1386,5.005084,47.100.45.27,10.162.56.102,3722797,97,[ACK],229,
0,5.005096,10.162.56.102,47.100.45.27,97,3724183,[ACK],514,
1386,5.006162,47.100.45.27,10.162.56.102,3724183,97,[ACK],229,
1386,5.009252,47.100.45.27,10.162.56.102,3725569,97,[ACK],229,
0,5.009282,10.162.56.102,47.100.45.27,97,3726955,[ACK],514,
1386,5.009403,47.100.45.27,10.162.56.102,3726955,97,[ACK],229,
1386,5.010066,47.100.45.27,10.162.56.102,3728341,97,[ACK],229,
0,5.010085,10.162.56.102,47.100.45.27,97,3729727,[ACK],514,
1386,5.010613,47.100.45.27,10.162.56.102,3729727,97,[ACK],229,
1386,5.013942,47.100.45.27,10.162.56.102,3731113,97,[ACK],229,
0,5.013978,10.162.56.102,47.100.45.27,97,3732499,[ACK],514,
1386,5.014111,47.100.45.27,10.162.56.102,3732499,97,[ACK],229,
1386,5.014663,47.100.45.27,10.162.56.102,3733885,97,[ACK],229,
0,5.014729,10.162.56.102,47.100.45.27,97,3735271,[ACK],514,
1386,5.014894,47.100.45.27,10.162.56.102,3735271,97,[ACK],229,
1386,5.018805,47.100.45.27,10.162.56.102,3736657,97,[ACK],229,
0,5.018848,10.162.56.102,47.100.45.27,97,3738043,[ACK],514,
1386,5.019037,47.100.45.27,10.162.56.102,3738043,97,[ACK],229,
1386,5.019521,47.100.45.27,10.162.56.102,3739429,97,[ACK, PSH],229
0,5.01956,10.162.56.102,47.100.45.27,97,3740815,[ACK],514,
1386,5.019699,47.100.45.27,10.162.56.102,3740815,97,[ACK],229,
1386,5.020852,47.100.45.27,10.162.56.102,3742201,97,[ACK],229,
0,5.02088,10.162.56.102,47.100.45.27,97,3743587,[ACK],514,
1386,5.023952,47.100.45.27,10.162.56.102,3743587,97,[ACK],229,
1386,5.024324,47.100.45.27,10.162.56.102,3744973,97,[ACK],229,
0,5.02438,10.162.56.102,47.100.45.27,97,3746359,[ACK],514,
1386,5.024573,47.100.45.27,10.162.56.102,3746359,97,[ACK],229,
1386,5.025047,47.100.45.27,10.162.56.102,3747745,97,[ACK],229,
0,5.025068,10.162.56.102,47.100.45.27,97,3749131,[ACK],514,
1386,5.025144,47.100.45.27,10.162.56.102,3749131,97,[ACK],229,
1386,5.026047,47.100.45.27,10.162.56.102,3750517,97,[ACK],229,
0,5.026088,10.162.56.102,47.100.45.27,97,3751903,[ACK],514,
1386,5.029124,47.100.45.27,10.162.56.102,3751903,97,[ACK],229,
1386,5.029737,47.100.45.27,10.162.56.102,3753289,97,[ACK],229,
0,5.029794,10.162.56.102,47.100.45.27,97,3754675,[ACK],514,
1386,5.029962,47.100.45.27,10.162.56.102,3754675,97,[ACK],229,
1386,5.030246,47.100.45.27,10.162.56.102,3756061,97,[ACK],229,
0,5.030275,10.162.56.102,47.100.45.27,97,3757447,[ACK],514,
1386,5.031379,47.100.45.27,10.162.56.102,3757447,97,[ACK],229,
1386,5.03189,47.100.45.27,10.162.56.102,3758833,97,[ACK],229,
0,5.031915,10.162.56.102,47.100.45.27,97,3760219,[ACK],514,
1386,5.034272,47.100.45.27,10.162.56.102,3760219,97,[ACK],229,
1386,5.034857,47.100.45.27,10.162.56.102,3761605,97,[ACK],229,
0,5.034893,10.162.56.102,47.100.45.27,97,3762991,[ACK],514,
1386,5.035041,47.100.45.27,10.162.56.102,3762991,97,[ACK],229,
1386,5.036274,47.100.45.27,10.162.56.102,3764377,97,[ACK],229,
0,5.03641,10.162.56.102,47.100.45.27,97,3765763,[ACK],514,
1386,5.036762,47.100.45.27,10.162.56.102,3765763,97,[ACK],229,
1386,5.037282,47.100.45.27,10.162.56.102,3767149,97,[ACK],229,
0,5.037345,10.162.56.102,47.100.45.27,97,3768535,[ACK],514,
1386,5.039361,47.100.45.27,10.162.56.102,3768535,97,[ACK],229,
1386,5.039829,47.100.45.27,10.162.56.102,3769921,97,[ACK],229,
0,5.039875,10.162.56.102,47.100.45.27,97,3771307,[ACK],514,
1386,5.041251,47.100.45.27,10.162.56.102,3771307,97,[ACK],229,
1386,5.04218,47.100.45.27,10.162.56.102,3772693,97,[ACK],229,
0,5.042208,10.162.56.102,47.100.45.27,97,3774079,[ACK],514,
1386,5.042335,47.100.45.27,10.162.56.102,3774079,97,[ACK],229,
1386,5.042873,47.100.45.27,10.162.56.102,3775465,97,[ACK],229,
0,5.042897,10.162.56.102,47.100.45.27,97,3776851,[ACK],514,
1386,5.044372,47.100.45.27,10.162.56.102,3776851,97,[ACK],229,
1386,5.04496,47.100.45.27,10.162.56.102,3778237,97,[ACK],229,
0,5.045001,10.162.56.102,47.100.45.27,97,3779623,[ACK],514,
1386,5.047008,47.100.45.27,10.162.56.102,3779623,97,[ACK],229,
1386,5.047793,47.100.45.27,10.162.56.102,3781009,97,[ACK],229,
0,5.047817,10.162.56.102,47.100.45.27,97,3782395,[ACK],514,
1386,5.04839,47.100.45.27,10.162.56.102,3782395,97,[ACK],229,
1386,5.049223,47.100.45.27,10.162.56.102,3783781,97,[ACK],229,
0,5.049252,10.162.56.102,47.100.45.27,97,3785167,[ACK],514,
1386,5.049373,47.100.45.27,10.162.56.102,3785167,97,[ACK],229,
1386,5.049691,47.100.45.27,10.162.56.102,3786553,97,[ACK],229,
0,5.049704,10.162.56.102,47.100.45.27,97,3787939,[ACK],514,
1386,5.049816,47.100.45.27,10.162.56.102,3787939,97,[ACK],229,
1386,5.051027,47.100.45.27,10.162.56.102,3789325,97,[ACK],229,
0,5.051073,10.162.56.102,47.100.45.27,97,3790711,[ACK],514,
1386,5.052343,47.100.45.27,10.162.56.102,3790711,97,[ACK],229,
1386,5.053105,47.100.45.27,10.162.56.102,3792097,97,[ACK],229,
0,5.053136,10.162.56.102,47.100.45.27,97,3793483,[ACK],514,
1386,5.054097,47.100.45.27,10.162.56.102,3793483,97,[ACK],229,
1386,5.054545,47.100.45.27,10.162.56.102,3794869,97,[ACK],229,
0,5.054566,10.162.56.102,47.100.45.27,97,3796255,[ACK],514,
1386,5.054677,47.100.45.27,10.162.56.102,3796255,97,[ACK],229,
1386,5.055859,47.100.45.27,10.162.56.102,3797641,97,[ACK],229,
1386,5.05586,47.100.45.27,10.162.56.102,3799027,97,[ACK],229,
0,5.055906,10.162.56.102,47.100.45.27,97,3800413,[ACK],514,
1386,5.056059,47.100.45.27,10.162.56.102,3800413,97,[ACK],229,
0,5.056069,10.162.56.102,47.100.45.27,97,3801799,[ACK],514,
1386,5.057644,47.100.45.27,10.162.56.102,3801799,97,[ACK],229,
1386,5.057995,47.100.45.27,10.162.56.102,3803185,97,[ACK],229,
0,5.058021,10.162.56.102,47.100.45.27,97,3804571,[ACK],514,
1386,5.059377,47.100.45.27,10.162.56.102,3804571,97,[ACK],229,
1386,5.059575,47.100.45.27,10.162.56.102,3805957,97,[ACK],229,
0,5.059608,10.162.56.102,47.100.45.27,97,3807343,[ACK],514,
1386,5.061152,47.100.45.27,10.162.56.102,3807343,97,[ACK],229,
1386,5.061601,47.100.45.27,10.162.56.102,3808729,97,[ACK],229,
0,5.06162,10.162.56.102,47.100.45.27,97,3810115,[ACK],514,
1386,5.062082,47.100.45.27,10.162.56.102,3810115,97,[ACK],229,
1386,5.063142,47.100.45.27,10.162.56.102,3811501,97,[ACK],229,
0,5.063172,10.162.56.102,47.100.45.27,97,3812887,[ACK],514,
1386,5.063299,47.100.45.27,10.162.56.102,3812887,97,[ACK],229,
1386,5.063948,47.100.45.27,10.162.56.102,3814273,97,[ACK],229,
0,5.063969,10.162.56.102,47.100.45.27,97,3815659,[ACK],514,
1386,5.064516,47.100.45.27,10.162.56.102,3815659,97,[ACK],229,
1386,5.066319,47.100.45.27,10.162.56.102,3817045,97,[ACK],229,
0,5.066347,10.162.56.102,47.100.45.27,97,3818431,[ACK],514,
1386,5.066482,47.100.45.27,10.162.56.102,3818431,97,[ACK],229,
1386,5.066898,47.100.45.27,10.162.56.102,3819817,97,[ACK],229,
0,5.066917,10.162.56.102,47.100.45.27,97,3821203,[ACK],514,
1386,5.068097,47.100.45.27,10.162.56.102,3821203,97,[ACK],229,
1386,5.06838,47.100.45.27,10.162.56.102,3822589,97,[ACK],229,
0,5.068405,10.162.56.102,47.100.45.27,97,3823975,[ACK],514,
1386,5.069008,47.100.45.27,10.162.56.102,3823975,97,[ACK],229,
1386,5.070068,47.100.45.27,10.162.56.102,3825361,97,[ACK],229,
0,5.070138,10.162.56.102,47.100.45.27,97,3826747,[ACK],514,
1386,5.070467,47.100.45.27,10.162.56.102,3826747,97,[ACK],229,
1386,5.072019,47.100.45.27,10.162.56.102,3828133,97,[ACK],229,
1386,5.07202,47.100.45.27,10.162.56.102,3829519,97,[ACK],229,
0,5.072066,10.162.56.102,47.100.45.27,97,3830905,[ACK],514,
1386,5.072612,47.100.45.27,10.162.56.102,3830905,97,[ACK],229,
0,5.072633,10.162.56.102,47.100.45.27,97,3832291,[ACK],514,
1386,5.07348,47.100.45.27,10.162.56.102,3832291,97,[ACK],229,
1386,5.074469,47.100.45.27,10.162.56.102,3833677,97,[ACK],229,
0,5.074525,10.162.56.102,47.100.45.27,97,3835063,[ACK],514,
1386,5.074937,47.100.45.27,10.162.56.102,3835063,97,[ACK],229,
1386,5.076024,47.100.45.27,10.162.56.102,3836449,97,[ACK],229,
0,5.07605,10.162.56.102,47.100.45.27,97,3837835,[ACK],514,
1386,5.077343,47.100.45.27,10.162.56.102,3837835,97,[ACK],229,
1386,5.077611,47.100.45.27,10.162.56.102,3839221,97,[ACK],229,
0,5.077629,10.162.56.102,47.100.45.27,97,3840607,[ACK],514,
1386,5.077723,47.100.45.27,10.162.56.102,3840607,97,[ACK],229,
1386,5.077743,47.100.45.27,10.162.56.102,3841993,97,[ACK],229,
0,5.077748,10.162.56.102,47.100.45.27,97,3843379,[ACK],514,
1386,5.078931,47.100.45.27,10.162.56.102,3843379,97,[ACK],229,
1386,5.079856,47.100.45.27,10.162.56.102,3844765,97,[ACK],229,
0,5.07988,10.162.56.102,47.100.45.27,97,3846151,[ACK],514,
1386,5.079968,47.100.45.27,10.162.56.102,3846151,97,[ACK],229,
1386,5.080946,47.100.45.27,10.162.56.102,3847537,97,[ACK],229,
0,5.08097,10.162.56.102,47.100.45.27,97,3848923,[ACK],514,
1386,5.081405,47.100.45.27,10.162.56.102,3848923,97,[ACK],229,
1386,5.083052,47.100.45.27,10.162.56.102,3850309,97,[ACK],229,
0,5.083082,10.162.56.102,47.100.45.27,97,3851695,[ACK],514,
1386,5.083491,47.100.45.27,10.162.56.102,3851695,97,[ACK],229,
1386,5.083594,47.100.45.27,10.162.56.102,3853081,97,[ACK],229,
0,5.083602,10.162.56.102,47.100.45.27,97,3854467,[ACK],514,
1386,5.084568,47.100.45.27,10.162.56.102,3854467,97,[ACK],229,
1386,5.084675,47.100.45.27,10.162.56.102,3855853,97,[ACK],229,
0,5.084699,10.162.56.102,47.100.45.27,97,3857239,[ACK],514,
1386,5.08516,47.100.45.27,10.162.56.102,3857239,97,[ACK],229,
1386,5.08624,47.100.45.27,10.162.56.102,3858625,97,[ACK],229,
0,5.086268,10.162.56.102,47.100.45.27,97,3860011,[ACK],514,
1386,5.086764,47.100.45.27,10.162.56.102,3860011,97,[ACK],229,
1386,5.087909,47.100.45.27,10.162.56.102,3861397,97,[ACK],229,
0,5.087935,10.162.56.102,47.100.45.27,97,3862783,[ACK],514,
1386,5.088041,47.100.45.27,10.162.56.102,3862783,97,[ACK],229,
1386,5.088062,47.100.45.27,10.162.56.102,3864169,97,[ACK],229,
0,5.088068,10.162.56.102,47.100.45.27,97,3865555,[ACK],514,
1386,5.08963,47.100.45.27,10.162.56.102,3865555,97,[ACK],229,
1386,5.089709,47.100.45.27,10.162.56.102,3866941,97,[ACK],229,
0,5.089725,10.162.56.102,47.100.45.27,97,3868327,[ACK],514,
1386,5.090149,47.100.45.27,10.162.56.102,3868327,97,[ACK],229,
1386,5.091236,47.100.45.27,10.162.56.102,3869713,97,[ACK],229,
0,5.091305,10.162.56.102,47.100.45.27,97,3871099,[ACK],514,
1386,5.091542,47.100.45.27,10.162.56.102,3871099,97,[ACK],229,
1386,5.092267,47.100.45.27,10.162.56.102,3872485,97,[ACK],229,
0,5.092292,10.162.56.102,47.100.45.27,97,3873871,[ACK],514,
1386,5.092857,47.100.45.27,10.162.56.102,3873871,97,[ACK],229,
1386,5.092989,47.100.45.27,10.162.56.102,3875257,97,[ACK],229,
0,5.093007,10.162.56.102,47.100.45.27,97,3876643,[ACK],514,
1386,5.093137,47.100.45.27,10.162.56.102,3876643,97,[ACK],229,
1386,5.094096,47.100.45.27,10.162.56.102,3878029,97,[ACK],229,
0,5.094126,10.162.56.102,47.100.45.27,97,3879415,[ACK],514,
1386,5.094601,47.100.45.27,10.162.56.102,3879415,97,[ACK],229,
1386,5.095452,47.100.45.27,10.162.56.102,3880801,97,[ACK],229,
0,5.095474,10.162.56.102,47.100.45.27,97,3882187,[ACK],514,
1386,5.098155,47.100.45.27,10.162.56.102,3882187,97,[ACK],229,
1386,5.098833,47.100.45.27,10.162.56.102,3883573,97,[ACK],229,
1386,5.098834,47.100.45.27,10.162.56.102,3884959,97,[ACK],229,
1386,5.098835,47.100.45.27,10.162.56.102,3886345,97,[ACK],229,
0,5.098882,10.162.56.102,47.100.45.27,97,3887731,[ACK],514,
1386,5.098957,47.100.45.27,10.162.56.102,3887731,97,[ACK],229,
1386,5.098977,47.100.45.27,10.162.56.102,3889117,97,[ACK],229,
0,5.098982,10.162.56.102,47.100.45.27,97,3890503,[ACK],514,
1386,5.100492,47.100.45.27,10.162.56.102,3890503,97,[ACK],229,
1386,5.100493,47.100.45.27,10.162.56.102,3891889,97,[ACK],229,
0,5.100524,10.162.56.102,47.100.45.27,97,3893275,[ACK],514,
1386,5.101276,47.100.45.27,10.162.56.102,3893275,97,[ACK],229,
1386,5.102067,47.100.45.27,10.162.56.102,3894661,97,[ACK],229,
0,5.102131,10.162.56.102,47.100.45.27,97,3896047,[ACK],514,
1386,5.103621,47.100.45.27,10.162.56.102,3896047,97,[ACK],229,
1386,5.103623,47.100.45.27,10.162.56.102,3897433,97,[ACK],229,
0,5.103713,10.162.56.102,47.100.45.27,97,3898819,[ACK],514,
1386,5.104009,47.100.45.27,10.162.56.102,3898819,97,[ACK],229,
1386,5.104124,47.100.45.27,10.162.56.102,3900205,97,[ACK],229,
0,5.104136,10.162.56.102,47.100.45.27,97,3901591,[ACK],514,
1386,5.104261,47.100.45.27,10.162.56.102,3901591,97,[ACK],229,
1386,5.105436,47.100.45.27,10.162.56.102,3902977,97,[ACK],229,
0,5.105467,10.162.56.102,47.100.45.27,97,3904363,[ACK],514,
1386,5.105604,47.100.45.27,10.162.56.102,3904363,97,[ACK],229,
1386,5.105975,47.100.45.27,10.162.56.102,3905749,97,[ACK],229,
0,5.105985,10.162.56.102,47.100.45.27,97,3907135,[ACK],514,
1386,5.107062,47.100.45.27,10.162.56.102,3907135,97,[ACK],229,
1386,5.108562,47.100.45.27,10.162.56.102,3908521,97,[ACK],229,
0,5.108588,10.162.56.102,47.100.45.27,97,3909907,[ACK],514,
1386,5.108642,47.100.45.27,10.162.56.102,3909907,97,[ACK],229,
1386,5.10955,47.100.45.27,10.162.56.102,3911293,97,[ACK],229,
0,5.109575,10.162.56.102,47.100.45.27,97,3912679,[ACK],514,
1386,5.110815,47.100.45.27,10.162.56.102,3912679,97,[ACK],229,
1386,5.114744,47.100.45.27,10.162.56.102,3914065,97,[ACK],229,
1386,5.114746,47.100.45.27,10.162.56.102,3915451,97,[ACK],229,
0,5.114783,10.162.56.102,47.100.45.27,97,3916837,[ACK],514,
1386,5.114855,47.100.45.27,10.162.56.102,3916837,97,[ACK],229,
0,5.114869,10.162.56.102,47.100.45.27,97,3918223,[ACK],514,
1386,5.114979,47.100.45.27,10.162.56.102,3918223,97,[ACK],229,
1386,5.117403,47.100.45.27,10.162.56.102,3919609,97,[ACK],229,
0,5.117437,10.162.56.102,47.100.45.27,97,3920995,[ACK],514,
0,5.119247,10.162.56.102,47.100.45.27,97,3923767,[ACK],514,
0,5.121364,10.162.56.102,47.100.45.27,97,3927925,[ACK],514,
0,5.223196,10.162.56.102,47.100.45.27,97,4079836,[ACK],511,
0,10.140096,47.100.45.27,10.162.56.102,4079836,97,[ACK, FIN],229
0,10.140201,10.162.56.102,47.100.45.27,97,4079837,[ACK],511,
0,19.783837,10.162.56.102,47.100.45.27,97,4079837,[ACK, RST],0
